City,Days_Over_PM25_Limit,Days_Over_NO2_Limit
Berlin,120.75,0.041666666666666664
Madrid,280.4583333333333,2.4166666666666665
Paris,89.54166666666667,0.041666666666666664
Rome,93.70833333333333,0.0
